reaction	linear_coefficient
12DGR120tipp	0.028451373457653407
12DGR140tipp	0.028451373457653407
12DGR141tipp	0.028451373457653407
12DGR160tipp	0.028451373457653407
12DGR161tipp	0.028451373457653407
12DGR180tipp	0.028451373457653407
12DGR181tipp	0.028451373457653407
2AGPA120tipp	0.18975604988374772
2AGPA140tipp	0.18975604988374772
2AGPA141tipp	0.18975604988374772
2AGPA160tipp	0.18975604988374772
2AGpa161tipp	0.18975604988374772
2AGPA161tipp	0.18975604988374772
2AGPA180tipp	0.18975604988374772
2AGPA181tipp	0.18975604988374772
2AGPE120tipp	0.18975604988374772
2AGPE140tipp	0.18975604988374772
2AGPE141tipp	0.18975604988374772
2AGPE160tipp	0.18975604988374772
2AGpe161tipp	0.18975604988374772
2AGPE161tipp	0.18975604988374772
2AGPE180tipp	0.18975604988374772
2agpe181tipp	0.18975604988374772
2AGPG120tipp	0.18975604988374772
2AGPG140tipp	0.18975604988374772
2AGPG141tipp	0.18975604988374772
2AGPG160tipp	0.18975604988374772
2AGpg161tipp	0.18975604988374772
2AGPG161tipp	0.18975604988374772
2AGPG180tipp	0.18975604988374772
2agpg181tipp	0.18975604988374772
2MAHMP	0.040909627434988764
34dhpactex	0.2412514853585332
3AMPtex	0.2412514853585332
3CMPtex	0.2412514853585332
3HAD100	0.01842761571095746
3HAD120	0.01842761571095746
3HAD121	0.01842761571095746
3HAD140	0.01842761571095746
3HAD141	0.01842761571095746
3HAD160	0.01842761571095746
3HAD161	0.01842761571095746
3HAD161x	0.01842761571095746
3HAD180	0.01842761571095746
3HAD181a	0.01842761571095746
3HAD40	0.01842761571095746
3HAD60	0.01842761571095746
3HAD80	0.01842761571095746
3OAR100	0.14750537267824063
3OAR120	0.14750537267824063
3OAR121	0.14750537267824063
3OAR140	0.14750537267824063
3OAR141	0.14750537267824063
3OAR160	0.14750537267824063
3OAR161	0.14750537267824063
3OAR161x	0.14750537267824063
3OAR180	0.14750537267824063
3OAR181x	0.14750537267824063
3OAR40	0.14750537267824063
3OAR60	0.14750537267824063
3OAR80	0.14750537267824063
3OAS100	0.19737280040749283
3OAS120	0.19737280040749283
3OAS121	0.19737280040749283
3OAS140	0.19737280040749283
3OAS141	0.19737280040749283
3OAS160	0.19737280040749283
3OAS161	0.19737280040749283
3OAS161a	0.19737280040749283
3OAS180	0.19737280040749283
3OAS181a	0.19737280040749283
3OAS60	0.19737280040749283
3OAS80	0.19737280040749283
3PEPTtex	0.2412514853585332
3UMPtex	0.2412514853585332
4HOXPACDtex	0.2412514853585332
4HTHRS	0.08058262571006815
4PEPTtex	0.2412514853585332
5DGLCNtex	0.2412514853585332
5DOAN	0.03377740302598573
A5PISO	0.01507469499694245
ABUTtex	0.2412514853585332
ACACtex	0.2412514853585332
ACCOAC	0.14143910572167012
ACGALtex	0.2412514853585332
ACGAM1Ptex	0.2412514853585332
ACGAMT	0.039068428198968955
ACGAtex	0.2412514853585332
ACGK	0.02284649387740499
ACGS	0.01867956929062333
ACHBS	0.11550726806067539
ACKr	0.17465821614838534
ACLS	0.11550726806067539
ACMANAtex	0.2412514853585332
ACMUMtex	0.2412514853585332
ACOATA	0.3687399966694625
ACODA	0.019105952271596335
ACONIs	0.028451373457653407
ACONTa	0.5508636726787056
ACONTb	0.5508636726787056
ACOTA	0.02893214187856519
ACPH	0.028451373457653407
ACPS1	0.025424172807832723
ACS	0.00953171624429335
ACSERtex	0.2412514853585332
ACt2rpp	0.028451373457653407
ACtex	0.2412514853585332
ADCL	0.12246506306837128
ADCS	0.12246506306837128
ADEt2rpp	0.010403863250829048
ADEtex	0.2412514853585332
ADK1	0.054069356711382945
ADK3	0.054069356711382945
ADK4	0.054069356711382945
ADPT	0.014299453213355162
ADSL1r	0.0847495502968498
ADSL2r	0.0847495502968498
ADSS	0.15204053711222626
AGM3PA	0.007167228804352128
AGM3PApp	0.0363163198672341
AGM3PH	0.009958099225266357
AGM3Pt2pp	0.015908079914298778
AGM4PA	0.007167228804352128
AGM4PApp	0.0363163198672341
AGM4PCP	0.010888389365571103
AGM4PCPpp	0.028451373457653407
AGM4PH	0.009958099225266357
AGM4Pt2pp	0.015908079914298778
AGMH	0.009958099225266357
AGMHE	0.036180652555106316
AGMT	0.06050386351515743
AGMt2pp	0.015908079914298778
AGMtex	0.2412514853585332
AGPAT120	0.018388853621778098
AGPAT140	0.018388853621778098
AGPAT141	0.018388853621778098
AGPAT160	0.018388853621778098
AGPAT160a	0.018388853621778098
AGPAT161a	0.018388853621778098
AGPAT180	0.018388853621778098
AGPAT181	0.018388853621778098
AGPR	0.018912141825699516
Agt	0.023001542234122447
AHCYSNS	0.03377740302598573
AICART	0.07048510147884374
AIRC2	0.04455326381784901
AIRC3	0.00520974330079423
AKGDH	0.4673119894525859
AKGt3pp	0.0628102078213296
AKGtex	0.2412514853585332
ALAabcpp	0.41583593502239
ALAALAr	0.039126571332738
ALAALAtex	0.2412514853585332
ALADt2pp	0.21754846782535195
ALAR	0.23576664973965317
ALAt1pp	0.21754846782535195
ALAt2pp	0.21754846782535195
ALAtex	0.2412514853585332
ALCD19	0.028451373457653407
ALDD2x	0.0939749275215385
ALDD3y	0.028451373457653407
ALLtex	0.2412514853585332
ALLTNtex	0.2412514853585332
AM3PA	0.007167228804352128
AM4PA	0.007167228804352128
AM4PCP	0.010888389365571103
AMAOTr	0.008737093416116382
AMPMS2	0.0024963970582387277
AMPTASEAGl	0.14045067244759632
AMPTASECG	0.14045067244759632
AMPtex	0.2412514853585332
ANHGMtex	0.2412514853585332
ANHMK	0.0069734183584553066
ANPRT	0.025191600272756534
ANS	0.05602684221494084
AOXSr	0.02408688073114465
APRAUR	0.011547344881620293
ARBtex	0.2412514853585332
ARGabcpp	0.41583593502239
ARGDC	0.14192363183641218
ARGSL	0.09792866061783366
ARGSS	0.04786742244268466
ARGt1pp	0.21754846782535195
ARGt2pp	0.0628102078213296
ARGtex	0.2412514853585332
ASAD	0.10909214230149059
ASCBtex	0.2412514853585332
ASNabcpp	0.41583593502239
ASNN	0.024396977444579568
ASNNpp	0.024396977444579568
ASNSYN	0.1068051790399081
ASNt1pp	0.21754846782535195
ASNt2pp	0.0628102078213296
ASNtex	0.2412514853585332
ASO3tex	0.2412514853585332
ASP1DC	0.016857751099193206
ASPabcpp	0.41583593502239
ASPCT	0.10073891208333759
ASPK	0.056588892508041624
ASPO3	0.021858060603331203
ASPO5	0.021858060603331203
ASPO6	0.021858060603331203
ASPT	0.02809875696120886
ASPt1pp	0.21754846782535195
ASPt2pp	0.0628102078213296
ASPTA	0.046200652607971994
ASPtex	0.2412514853585332
ATHRDHr	0.021683631202024066
ATPHs	0.028451373457653407
ATPM	0.028451373457653407
ATPPRT	0.143764831072432
ATPS4rpp	0.8569872719727352
BALAtex	0.2412514853585332
BTS4	0.04968924063411478
BUTSO3tex	0.2412514853585332
BUTtex	0.2412514853585332
CA2tex	0.2412514853585332
CAT	0.24619365172890217
CAt1pp	0.028451373457653407
CBPS	0.18595736514417002
CD2t3pp	0.014880884551045626
CD2tex	0.2412514853585332
CDPMEK	0.08360606866605856
CGLYtex	0.2412514853585332
CHLt2pp	0.0077098980528632274
CHLtex	0.2412514853585332
CHORM	0.1764412722506361
CHORS	0.013601735608126603
CHRPL	0.0022638245231625417
CITt1pp	0.01158610697079966
CITt2pp	0.007574230740735453
CITtex	0.2412514853585332
CLt4	0.011818679505875845
CLtex	0.2412514853585332
CMPtex	0.2412514853585332
CO2tex	0.2412514853585332
CO2tpp	0.028451373457653407
COBALT2t1pp	0.028451373457653407
COBALT2t2pp	0.020598292705001863
COBALT2tex	0.2412514853585332
COtex	0.2412514853585332
COtpp	0.028451373457653407
CPPPGO2	0.06695775136352158
CRNtex	0.2412514853585332
CS	0.23394483154822301
CSNt2pp	0.010403863250829048
CSNtex	0.2412514853585332
CTPS2	0.10168858326823199
CTPS3	0.018757093468982057
CU1abcpp	0.023098447457070858
CU1Opp	0.0064113680653545245
CU2abcpp	0.032440110949297656
CU2tex	0.2412514853585332
CU2tpp	0.028451373457653407
Cuabcpp	0.0016630121408823947
CUtex	0.2412514853585332
CYANtex	0.2412514853585332
CYNTtex	0.2412514853585332
CYOX	0.13097334164324176
CYSabcpp	0.04823566228988862
CYSDtex	0.2412514853585332
CYSS	1.0
CYSt1pp	0.21754846782535195
CYSt2pp	0.0628102078213296
CYStex	0.2412514853585332
CYTCS	0.029087190235282646
CYTDtex	0.2412514853585332
CYTK1	0.007806803275811639
CYTK2	0.007806803275811639
D_LACtex	0.2412514853585332
DAAD	0.027110323687135066
DADK	0.054069356711382945
DAGK120	0.014939027684814673
DAGK140	0.014939027684814673
DAGK141	0.014939027684814673
DAGK160	0.014939027684814673
DAGK180	0.014939027684814673
DAGK181	0.06286835095509864
DALAtex	0.2412514853585332
DAMPtex	0.2412514853585332
DAPDC	0.040192528785170524
DAPE	0.02813751905038822
DAPtex	0.2412514853585332
DASYN120	0.06286835095509864
DASYN140	0.06286835095509864
DASYN141	0.06286835095509864
DASYN160	0.06286835095509864
DASYN161a	0.06286835095509864
DASYN180	0.06286835095509864
DASYN181	0.06286835095509864
DATPHs	0.028451373457653407
DB4PS	0.01823380526506064
DBTS	0.0036398786890299746
DCAtex	0.2412514853585332
DCMPtex	0.2412514853585332
DCTPD	0.018757093468982057
DDCAtexi	0.028451373457653407
DDGLCNtex	0.2412514853585332
DDPA	0.059825526954518544
DDPGALA	0.03025005291066358
DGK1	0.05222815747536314
DGMPtex	0.2412514853585332
DGSNtex	0.2412514853585332
DHAD1	0.06191867977020422
DHAD2	0.06191867977020422
DHAPtex	0.2412514853585332
DHAtex	0.2412514853585332
DHDPRy	0.020171909724028856
DHDPS	0.06523283839503988
DHFR	0.004473263606386307
DHFS	0.04860390213709258
DHNPA2	0.003349163020184743
DHORD2	0.013466068295998829
DHORTS	0.007225371938121174
DHPPDA2	0.011547344881620293
DHPS2	0.010306958027880639
DHPS3	0.010306958027880639
DHPTDCs	0.028451373457653407
DHPTPE	0.003349163020184743
DHQS	0.02964924052838343
DHQTi	0.009318524753806848
DIMPtex	0.2412514853585332
DINStex	0.2412514853585332
DLACt2pp	0.13948162021811222
DM_4HBA	0.028451373457653407
DM_5DRIB	0.028451373457653407
DM_AMOB	0.028451373457653407
DM_BIOMASS	0.028451373457653407
DM_BV	0.028451373457653407
DM_HMFURN	0.028451373457653407
DM_PAP	0.028451373457653407
DM_UREA	0.028451373457653407
DMATT	0.01650889229657893
DMPPS	0.06699651345270094
DMQMT	0.013078447404205185
DMSOtex	0.2412514853585332
DMStex	0.2412514853585332
DNMPPA	0.03976614580419752
DNTPPA	0.013950594410740882
DOPAtex	0.2412514853585332
DPCOAK	0.0123032056206179
DPR	0.028451373457653407
DSBDR	0.33364092491754804
DSERDHr	0.021683631202024066
DSERtex	0.2412514853585332
DTMPK	0.010210052804932226
DTMPtex	0.2412514853585332
DUMPtex	0.2412514853585332
DUTPDP	0.030657054847046904
DXPRIi	0.10579736472124464
DXPS	0.1264575582538458
E4PD	0.028451373457653407
EAR100x	0.0928895890245163
EAR120x	0.0928895890245163
EAR121x	0.0928895890245163
EAR140x	0.0928895890245163
EAR141x	0.0928895890245163
EAR160x	0.0928895890245163
EAR161a	0.0928895890245163
EAR161x	0.0928895890245163
EAR180x	0.0928895890245163
EAR181x	0.0928895890245163
EAR40x	0.0928895890245163
EAR60x	0.0928895890245163
EAR80x	0.0928895890245163
EDA	0.03025005291066358
EDD	0.15686641721505712
EDTXS1	0.3687399966694625
EDTXS2	0.3687399966694625
ENO	0.11285206495188894
ETHAtex	0.2412514853585332
ETHSO3tex	0.2412514853585332
ETOHt2rpp	0.028451373457653407
ETOHtex	0.2412514853585332
EX_15dap_e_	0.028451373457653407
EX_1p3h5c_e_	0.028451373457653407
EX_2ddglcn_e_	0.028451373457653407
EX_34dhpac_e_	0.028451373457653407
EX_3amp_e_	0.028451373457653407
EX_3cmp_e_	0.028451373457653407
EX_3hcinnm_e_	0.028451373457653407
EX_3hpppn_e_	0.028451373457653407
EX_3ump_e_	0.028451373457653407
EX_4abut_e_	0.028451373457653407
EX_4hoxpacd_e_	0.028451373457653407
EX_5dglcn_e_	0.028451373457653407
EX_ac_e_	0.028451373457653407
EX_acac_e_	0.028451373457653407
EX_acgal_e_	0.028451373457653407
EX_acgam_e_	0.028451373457653407
EX_acgam1p_e_	0.028451373457653407
EX_acmana_e_	0.028451373457653407
EX_acmum_e_	0.028451373457653407
EX_acser_e_	0.028451373457653407
EX_ade_e_	0.028451373457653407
EX_agm_e_	0.028451373457653407
EX_akg_e_	0.028451373457653407
EX_ala_B_e_	0.028451373457653407
EX_ala_D_e_	0.028451373457653407
EX_ala_L_e_	0.028451373457653407
EX_alaala_e_	0.028451373457653407
EX_all_D_e_	0.028451373457653407
EX_alltn_e_	0.028451373457653407
EX_amp_e_	0.028451373457653407
EX_anhgm_e_	0.028451373457653407
EX_arab_L_e_	0.028451373457653407
EX_arg_L_e_	0.028451373457653407
EX_ascb_L_e_	0.028451373457653407
EX_asn_L_e_	0.028451373457653407
EX_aso3_e_	0.028451373457653407
EX_asp_L_e_	0.028451373457653407
EX_but_e_	0.028451373457653407
EX_butso3_e_	0.028451373457653407
EX_ca2_e_	0.028451373457653407
EX_cd2_e_	0.028451373457653407
EX_cgly_e_	0.028451373457653407
EX_chol_e_	0.028451373457653407
EX_cit_e_	0.028451373457653407
EX_cl_e_	0.028451373457653407
EX_cmp_e_	0.028451373457653407
EX_co_e_	0.028451373457653407
EX_co2_e_	0.028451373457653407
EX_cobalt2_e_	0.028451373457653407
EX_colipa_e_	0.028451373457653407
EX_crn_e_	0.028451373457653407
EX_csn_e_	0.028451373457653407
EX_cu_e_	0.028451373457653407
EX_cu2_e_	0.028451373457653407
EX_cyan_e_	0.028451373457653407
EX_cynt_e_	0.028451373457653407
EX_cys_D_e_	0.028451373457653407
EX_cys_L_e_	0.028451373457653407
EX_cytd_e_	0.028451373457653407
EX_damp_e_	0.028451373457653407
EX_dca_e_	0.028451373457653407
EX_dcmp_e_	0.028451373457653407
EX_ddca_e_	0.028451373457653407
EX_dgmp_e_	0.028451373457653407
EX_dgsn_e_	0.028451373457653407
EX_dha_e_	0.028451373457653407
EX_dhap_e_	0.028451373457653407
EX_dimp_e_	0.028451373457653407
EX_din_e_	0.028451373457653407
EX_dms_e_	0.028451373457653407
EX_dmso_e_	0.028451373457653407
EX_dopa_e_	0.028451373457653407
EX_dtmp_e_	0.028451373457653407
EX_dump_e_	0.028451373457653407
EX_e4hglu_e_	0.028451373457653407
EX_enlipa_e_	0.028451373457653407
EX_etha_e_	0.028451373457653407
EX_ethso3_e_	0.028451373457653407
EX_etoh_e_	0.028451373457653407
EX_f6p_e_	0.028451373457653407
EX_fald_e_	0.028451373457653407
EX_fe2_e_	0.028451373457653407
EX_fe3_e_	0.028451373457653407
EX_for_e_	0.028451373457653407
EX_fru_e_	0.028451373457653407
EX_frulys_e_	0.028451373457653407
EX_fruur_e_	0.028451373457653407
EX_fuc_L_e_	0.028451373457653407
EX_fum_e_	0.028451373457653407
EX_g1p_e_	0.028451373457653407
EX_g3pc_e_	0.028451373457653407
EX_g3pe_e_	0.028451373457653407
EX_g3pg_e_	0.028451373457653407
EX_g3pi_e_	0.028451373457653407
EX_g3ps_e_	0.028451373457653407
EX_g6p_e_	0.028451373457653407
EX_gal_bD_e_	0.028451373457653407
EX_gal_e_	0.028451373457653407
EX_gal1p_e_	0.028451373457653407
EX_galct_D_e_	0.028451373457653407
EX_galctn_D_e_	0.028451373457653407
EX_galctn_L_e_	0.028451373457653407
EX_galt_e_	0.028451373457653407
EX_galur_e_	0.028451373457653407
EX_gam_e_	0.028451373457653407
EX_gam6p_e_	0.028451373457653407
EX_gbbtn_e_	0.028451373457653407
EX_gdp_e_	0.028451373457653407
EX_glc_D_e_	0.028451373457653407
EX_glcr_e_	0.028451373457653407
EX_glcur_e_	0.028451373457653407
EX_glcur1p_e_	0.028451373457653407
EX_gln_L_e_	0.028451373457653407
EX_glu_L_e_	0.028451373457653407
EX_gly_e_	0.028451373457653407
EX_glyald_e_	0.028451373457653407
EX_glyb_e_	0.028451373457653407
EX_glyc_e_	0.028451373457653407
EX_glyc_R_e_	0.028451373457653407
EX_glyc2p_e_	0.028451373457653407
EX_glyc3p_e_	0.028451373457653407
EX_glyclt_e_	0.028451373457653407
EX_gmp_e_	0.028451373457653407
EX_gsn_e_	0.028451373457653407
EX_gthox_e_	0.028451373457653407
EX_gthrd_e_	0.028451373457653407
EX_gtp_e_	0.028451373457653407
EX_gua_e_	0.028451373457653407
EX_h_e_	0.028451373457653407
EX_h2_e_	0.028451373457653407
EX_h2o_e_	0.028451373457653407
EX_h2o2_e_	0.028451373457653407
EX_h2s_e_	0.028451373457653407
EX_hdca_e_	0.028451373457653407
EX_hdcea_e_	0.028451373457653407
EX_Hg_e_	0.028451373457653407
EX_hg2_e_	0.028451373457653407
EX_HgFe3_e_	0.028451373457653407
EX_his_L_e_	0.028451373457653407
EX_hom_L_e_	0.028451373457653407
EX_hxa_e_	0.028451373457653407
EX_hxan_e_	0.028451373457653407
EX_idon_L_e_	0.028451373457653407
EX_ile_L_e_	0.028451373457653407
EX_imp_e_	0.028451373457653407
EX_indole_e_	0.028451373457653407
EX_inost_e_	0.028451373457653407
EX_isetac_e_	0.028451373457653407
EX_k_e_	0.028451373457653407
EX_lac_D_e_	0.028451373457653407
EX_lac_L_e_	0.028451373457653407
EX_LalaDgluMdap_e_	0.028451373457653407
EX_LalaDgluMdapDala_e_	0.028451373457653407
EX_lcts_e_	0.028451373457653407
EX_leu_L_e_	0.028451373457653407
EX_Lf_e_	0.028451373457653407
EX_LfFe3_e_	0.028451373457653407
EX_lipa_e_	0.028451373457653407
EX_lys_L_e_	0.028451373457653407
EX_lyx_L_e_	0.028451373457653407
EX_mal_D_e_	0.028451373457653407
EX_mal_L_e_	0.028451373457653407
EX_malt_e_	0.028451373457653407
EX_man_e_	0.028451373457653407
EX_man6p_e_	0.028451373457653407
EX_manglyc_e_	0.028451373457653407
EX_melib_e_	0.028451373457653407
EX_met_D_e_	0.028451373457653407
EX_met_L_e_	0.028451373457653407
EX_metsox_R_L_e_	0.028451373457653407
EX_metsox_S_L_e_	0.028451373457653407
EX_mg2_e_	0.028451373457653407
EX_mmet_e_	0.028451373457653407
EX_mn2_e_	0.028451373457653407
EX_mnl_e_	0.028451373457653407
EX_mobd_e_	0.028451373457653407
EX_mso3_e_	0.028451373457653407
EX_n2o_e_	0.028451373457653407
EX_na1_e_	0.028451373457653407
EX_nac_e_	0.028451373457653407
EX_nh4_e_	0.028451373457653407
EX_ni2_e_	0.028451373457653407
EX_nmn_e_	0.028451373457653407
EX_no_e_	0.028451373457653407
EX_no2_e_	0.028451373457653407
EX_no3_e_	0.028451373457653407
EX_o2_e_	0.028451373457653407
EX_o2s_e_	0.028451373457653407
EX_oaa_e_	0.028451373457653407
EX_ocdca_e_	0.028451373457653407
EX_ocdcea_e_	0.028451373457653407
EX_octa_e_	0.028451373457653407
EX_orn_e_	0.028451373457653407
EX_orot_e_	0.028451373457653407
EX_pacald_e_	0.028451373457653407
EX_peamn_e_	0.028451373457653407
EX_phe_L_e_	0.028451373457653407
EX_pheme_e_	0.028451373457653407
EX_pi_e_	0.028451373457653407
EX_pnto_R_e_	0.028451373457653407
EX_ppa_e_	0.028451373457653407
EX_ppal_e_	0.028451373457653407
EX_pppn_e_	0.028451373457653407
EX_ppt_e_	0.028451373457653407
EX_pro_L_e_	0.028451373457653407
EX_progly_e_	0.028451373457653407
EX_psclys_e_	0.028451373457653407
EX_pser_L_e_	0.028451373457653407
EX_ptrc_e_	0.028451373457653407
EX_pyr_e_	0.028451373457653407
EX_r5p_e_	0.028451373457653407
EX_rib_D_e_	0.028451373457653407
EX_rmn_e_	0.028451373457653407
EX_sbt_D_e_	0.028451373457653407
EX_ser_D_e_	0.028451373457653407
EX_ser_L_e_	0.028451373457653407
EX_skm_e_	0.028451373457653407
EX_so2_e_	0.028451373457653407
EX_so3_e_	0.028451373457653407
EX_so4_e_	0.028451373457653407
EX_spmd_e_	0.028451373457653407
EX_succ_e_	0.028451373457653407
EX_sucr_e_	0.028451373457653407
EX_sulfac_e_	0.028451373457653407
EX_tartr_L_e_	0.028451373457653407
EX_taur_e_	0.028451373457653407
EX_tcynt_e_	0.028451373457653407
EX_Tf_e_	0.028451373457653407
EX_TfFe3_e_	0.028451373457653407
EX_thm_e_	0.028451373457653407
EX_thr_L_e_	0.028451373457653407
EX_thrp_e_	0.028451373457653407
EX_thym_e_	0.028451373457653407
EX_thymd_e_	0.028451373457653407
EX_tma_e_	0.028451373457653407
EX_tmao_e_	0.028451373457653407
EX_tre_e_	0.028451373457653407
EX_trp_L_e_	0.028451373457653407
EX_tsul_e_	0.028451373457653407
EX_ttdca_e_	0.028451373457653407
EX_ttdcea_e_	0.028451373457653407
EX_tungs_e_	0.028451373457653407
EX_tym_e_	0.028451373457653407
EX_tyr_L_e_	0.028451373457653407
EX_tyrp_e_	0.028451373457653407
EX_uacgam_e_	0.028451373457653407
EX_udpacgal_e_	0.028451373457653407
EX_udpg_e_	0.028451373457653407
EX_udpgal_e_	0.028451373457653407
EX_udpglcur_e_	0.028451373457653407
EX_ump_e_	0.028451373457653407
EX_ura_e_	0.028451373457653407
EX_urea_e_	0.028451373457653407
EX_val_L_e_	0.028451373457653407
EX_xan_e_	0.028451373457653407
EX_xmp_e_	0.028451373457653407
EX_xtsn_e_	0.028451373457653407
EX_xyl_D_e_	0.028451373457653407
EX_xylu_L_e_	0.028451373457653407
EX_zn2_e_	0.028451373457653407
F6PP	0.009938718180676676
F6Ptex	0.2412514853585332
FACOAL100t2pp	0.028951522923154872
FACOAL120t2pp	0.028951522923154872
FACOAL140t2pp	0.028951522923154872
FACOAL141t2pp	0.028951522923154872
FACOAL160t2pp	0.028951522923154872
FACOAL161t2pp	0.028951522923154872
FACOAL180t2pp	0.028951522923154872
FACOAL181t2pp	0.028951522923154872
FACOAL60t2pp	0.028951522923154872
FACOAL80t2pp	0.028951522923154872
FALDtex	0.2412514853585332
FALDtpp	0.028451373457653407
FALGTHLs	0.028451373457653407
FBA	0.07856699707274119
FBP	0.03856452103963722
FCLT	0.028451373457653407
FE2tex	0.2412514853585332
FE3abcpp1	0.6381558975106341
FE3Ri	0.028451373457653407
FE3tex	0.2412514853585332
FEROpp	0.0064113680653545245
FMNAT	0.05350730641828217
FORtex	0.2412514853585332
FORtpp	0.0767257978367214
FRULYStex	0.2412514853585332
FRUtex	0.2412514853585332
FRUURtex	0.2412514853585332
FUCtex	0.2412514853585332
FUM	0.07792742260128169
FUMR	0.14550912508550337
Fumt1pp	0.0628102078213296
FUMtex	0.2412514853585332
G1PACT	0.03023067186607389
G1Ptex	0.2412514853585332
G1PTT	0.00889214177283384
G1SAT	0.06994243223033264
G3PAT120	0.013097828448794866
G3PAT140	0.013097828448794866
G3PAT141	0.028451373457653407
G3PAT160	0.013097828448794866
G3PAT161ab	0.028451373457653407
G3PAT180	0.013097828448794866
G3PAT181	0.013097828448794866
G3PCtex	0.2412514853585332
G3PD2	0.08571860252633391
G3PEtex	0.2412514853585332
G3PGtex	0.2412514853585332
G3PItex	0.2412514853585332
G3PStex	0.2412514853585332
G5SADs	0.028451373457653407
G5SD	0.02400935655278592
G6PDH2r	0.18845751989623902
G6PP	0.009938718180676676
G6Ptex	0.2412514853585332
GAL1Ptex	0.2412514853585332
GALBDtex	0.2412514853585332
GALCTNLtex	0.2412514853585332
GALCTNtex	0.2412514853585332
GALCTtex	0.2412514853585332
GALT1	0.02889337978938583
GALT2	0.026199414591420004
GALt2pp	0.18564726843073512
GALtex	0.2412514853585332
GALTtex	0.2412514853585332
GALUi	0.05511593311922579
GALURtex	0.2412514853585332
GAMAN6Ptex	0.2412514853585332
GAMtex	0.2412514853585332
GAPD1	0.020830865240078048
GAPD2	0.0877923742974299
GARFT1	0.01212877621931076
GARFT2	0.01212877621931076
GART	0.01212877621931076
GBBTNtex	0.2412514853585332
GCALDD	0.028451373457653407
GDPDPK	0.1920430131453302
GDPMNP	0.028451373457653407
GDPtex	0.2412514853585332
GF6PTA	0.04346792532082681
GGGABADr	0.0939749275215385
GGPTRCO	0.015190981264480541
GHMT2r	0.06124034320956535
GK1	0.05222815747536314
GLCNt2rpp	0.13961728753024
GLCRtex	0.2412514853585332
GLCtex	0.2412514853585332
GLCtpp	0.18564726843073512
GLCTR1	0.015268505442839269
GLCUR1Ptex	0.2412514853585332
GLCURtex	0.2412514853585332
GLNabcpp	0.41583593502239
GLNS	0.11608869939836586
GLNt1pp	0.21754846782535195
GLNt2pp	0.0628102078213296
GLNtex	0.2412514853585332
GLU5K	0.028451373457653407
GLUabcpp	0.41583593502239
GLUCYS	0.04699527543614896
GLUDy1	0.49822475557312895
GLUPRT	0.1349270747395369
GLUR	0.01024881489411159
GLUt1pp	0.21754846782535195
GLUt2pp	0.15771918317700312
GLUtex	0.2412514853585332
GLUTRR	0.08909090428493861
GLUTRS	0.04893337989511718
GLYabcpp	0.41583593502239
GLYALDtex	0.2412514853585332
GLYBt2pp	0.0077098980528632274
GLYBtex	0.2412514853585332
GLYC2Ptex	0.2412514853585332
GLYC3Ptex	0.2412514853585332
GLYCAtex	0.2412514853585332
GLYCL	0.49636417529251947
GLYCLTDx	0.04422378605982442
GLYCLTDy	0.0028258748162633246
GLYCLTt2rpp	0.13948162021811222
GLYCLTtex	0.2412514853585332
GLYCtex	0.2412514853585332
GLYCtpp	0.028451373457653407
GLYOX	0.0065857974666616624
GLYt1pp	0.21754846782535195
GLYt2pp	0.21754846782535195
GLYtex	0.2412514853585332
GMHEPAT	0.057654849960474146
GMHEPK	0.057654849960474146
GMHEPPA	0.013776165009433744
GMPS2	0.25774475430435273
GMPtex	0.2412514853585332
GNAT1	0.014997170818583719
GNAT2	0.019764907787645527
GND	0.14196239392559154
GNK	0.005946222995202152
GRTT	0.01650889229657893
GSNtex	0.2412514853585332
GTHOXtex	0.2412514853585332
GTHRDtex	0.2412514853585332
GTHS	0.03540541077151903
GTPCI	0.04139415354973082
GTPCII2	0.02517221922816685
GTPDPDP	0.02804061382743981
GTPDPK	0.030850865292943723
GTPHs	0.028451373457653407
GTPtex	0.2412514853585332
GUAPRT	0.014415739480893254
GUAt2pp	0.010403863250829048
GUAtex	0.2412514853585332
DDPGA	0.03025005291066358
H2O2tex	0.2412514853585332
H2Otex	0.028451373457653407
H2Otpp	0.028451373457653407
H2SO	0.028451373457653407
H2St1pp	0.028451373457653407
H2Stex	0.2412514853585332
H2tex	0.2412514853585332
H2tpp	0.028451373457653407
HBZOPT	0.025133457138987486
HCINNMtex	0.2412514853585332
HCO3E	0.011876822639644891
HDCAtexi	0.028451373457653407
HDCEAtexi	0.028451373457653407
HEPT1	0.07490397964529127
HEPT2	0.08354792553228951
HEX1	0.0794391440792769
HG2tex	0.2412514853585332
HGFE	0.008737093416116382
EHGLAT	0.046200652607971994
Hgtpp	0.007128466715172764
HISabcpp	0.41583593502239
HISt1pp	0.21754846782535195
HISt2pp	0.0628102078213296
HISTD	0.07271392160665718
HIStex	0.2412514853585332
HISTP	0.028451373457653407
HMBS	0.0728108268296056
HMPK1	0.017594230793601128
HOMtex	0.2412514853585332
HPPK2	0.0015467258733443021
HPPPNtex	0.2412514853585332
HPYRRx	0.0028258748162633246
HPYRRy	0.0028258748162633246
HSDy	0.060736436050233614
HSK	0.025966842056343822
HSST	0.028451373457653407
HSTA	0.029610478439204068
HSTPT	0.038952141931430866
Htex	0.2412514853585332
HXAtex	0.2412514853585332
HXPRT	0.01323349576092264
HYXNtex	0.2412514853585332
HYXNtpp	0.010403863250829048
ICDHyr	0.3767831301741805
IDONtex	0.2412514853585332
IG3PS	0.023854308196068465
IGPDH	0.040948389524168134
IGPS	0.015559221111684503
ILEabcpp	0.41583593502239
ILEt1pp	0.21754846782535195
ILEt3pp	0.0628102078213296
ILETA	0.11928657175566341
ILEtex	0.2412514853585332
IMPC	0.07048510147884374
IMPD	0.15516088529116506
IMPtex	0.2412514853585332
INDOLEtex	0.2412514853585332
INSTtex	0.2412514853585332
IPDPS	0.06699651345270094
IPMD	0.10957666841623265
IPPMIa	0.10225063356133278
IPPMIb	0.10225063356133278
IPPS	0.05932161979518681
ISETACtex	0.2412514853585332
KARA1	0.19219806150204766
KARA2	0.19219806150204766
KAS14	0.19737280040749283
KAS15	0.07755918275407772
KDOCT2	0.02868018829889932
KDOPP	0.030172528732304846
KDOPS	0.052712683590105204
Kt2pp	0.02379616506229942
Ktex	0.2412514853585332
Ktpp	0.009628621467241761
L_LACD2	0.29912328450332415
L_LACtex	0.2412514853585332
LADGMDH	0.013136590537974231
LCADi	0.028451373457653407
LCTStex	0.2412514853585332
LDH_D	0.23086324545846357
LEUabcpp	0.41583593502239
LEUt1pp	0.21754846782535195
LEUt3pp	0.0628102078213296
LEUTAi	0.11928657175566341
LEUtex	0.2412514853585332
LGTHL	0.028451373457653407
LIPAabcpp	0.028451373457653407
LLACt3pp	0.13948162021811222
LPADSS	0.010675197875084598
LSERDHr	0.021683631202024066
LYSabcpp	0.41583593502239
LYSt1pp	0.21754846782535195
LYSt2pp	0.0628102078213296
LYStex	0.2412514853585332
LYXtex	0.2412514853585332
MAc1	0.002942161083801417
MAc2	0.002942161083801417
MAc3	0.002942161083801417
MAc4	0.002942161083801417
MAc5	0.002942161083801417
MAc6	0.002942161083801417
MAc7	0.002942161083801417
MAc8	0.002942161083801417
MACPD	0.19737280040749283
MALDtex	0.2412514853585332
Malt1pp	0.0628102078213296
MALtex	0.2412514853585332
MALTpp	0.028451373457653407
MALTtex	0.2412514853585332
MAN1PT2	0.02406749968655497
MAN6Ptex	0.2412514853585332
MANGLYCtex	0.2412514853585332
MANtex	0.2412514853585332
MCITL2	0.001139723936960977
MCITS	0.0012560102044990697
MCOATA	0.3687399966694625
MCTP1App	0.03990181311632529
MCTP2App	0.03990181311632529
MDDCP1pp	0.02906780919069296
MDDCP2pp	0.02906780919069296
MDDCP3pp	0.02906780919069296
MDDCP4pp	0.02906780919069296
MDDCP6pp	0.02906780919069296
MDDEP1pp	0.02906780919069296
MDDEP3pp	0.02906780919069296
MDDEP4pp	0.02906780919069296
MDH2	0.14810618506052078
MECDPDH2	0.07131848639620007
MECDPS	0.007748660142042592
MELIBtex	0.2412514853585332
MEPCT	0.011915584728824256
METAT	0.07065953088015087
METDabcpp	0.16899895112819815
METDtex	0.2412514853585332
METLabcpp	0.41583593502239
METOX1s	0.028451373457653407
METOX2s	0.028451373457653407
METS	0.5843347366850868
METSOX1tex	0.2412514853585332
METSOX2tex	0.2412514853585332
METSOXR1	0.14686579820678114
METSOXR2	0.14686579820678114
METt1pp	0.21754846782535195
METt2pp	0.0628102078213296
METtex	0.2412514853585332
MG2t1pp	0.020598292705001863
MG2t2pp	0.02292401805576372
MG2tex	0.2412514853585332
MGSA	0.028451373457653407
MI1PP	0.049437287054448914
MLTGY1pp	0.11730970520751581
MLTGY2pp	0.11730970520751581
MLTGY4pp	0.11730970520751581
MMETtex	0.2412514853585332
MN2abcpp	0.025443553852422404
MNLtex	0.2412514853585332
MNtex	0.2412514853585332
MOAT	0.01780742228408763
MOAT2	0.01780742228408763
MOBDabcpp	0.028451373457653407
MOBDtex	0.2412514853585332
MOHMT	0.06279082677673992
MPTG	0.03990181311632529
MPTG2	0.03990181311632529
MSO3tex	0.2412514853585332
MTAN	0.03377740302598573
MTHF	0.028451373457653407
MTHFD	0.1693671909754021
MTHFR2	0.1693671909754021
N2Otex	0.2412514853585332
N2Otpp	0.028451373457653407
NACtex	0.2412514853585332
NADDP	0.03955295431371101
NADH16pp	0.05967047859780109
NADH5	0.007070323581403718
NADHQNa	0.05715094280114241
NADK	0.008930903862013204
NADPHQR2	0.15566479245049683
NADS1	0.035095314058084116
NADTRHD	0.05341040119533375
NAMNPP	0.025869936833395408
NAtex	0.2412514853585332
NAtpp	0.07029129103294691
NDPK1	0.019474192118800297
NDPK2	0.019474192118800297
NDPK3	0.019474192118800297
NDPK4	0.019474192118800297
NDPK5	0.019474192118800297
NDPK6	0.019474192118800297
NDPK7	0.019474192118800297
NDPK8	0.019474192118800297
NADPK10	0.019474192118800297
NH4tex	0.2412514853585332
NH4tpp	0.22080448331641858
NHFRBO	0.037207847918359474
NI2tex	0.2412514853585332
NI2tpp	0.028451373457653407
biomass	0.028451373457653407
NMNAT	0.007031561492224354
NMNtex	0.2412514853585332
NNAM	0.03711094269541106
NNATr	0.007031561492224354
NNDPR	0.018563283023085235
NO2R	0.045696745448640254
NO2tex	0.2412514853585332
NO3tex	0.2412514853585332
NOR	0.045696745448640254
NOtex	0.2412514853585332
NOtpp	0.028451373457653407
NT14	0.016586416474937655
NTD10	0.016586416474937655
NTD11	0.016586416474937655
NTD13	0.016586416474937655
NTD2	0.016586416474937655
NTD3	0.016586416474937655
NTD4	0.016586416474937655
NTD5	0.016586416474937655
NTD6	0.016586416474937655
NTD7	0.016586416474937655
NTD8	0.016586416474937655
NTD9	0.016586416474937655
NTP1	0.013543592474357557
NTP10	0.013543592474357557
NTP3	0.013543592474357557
NTP5	0.013543592474357557
NTPP10	0.013543592474357557
NTPP11	0.013543592474357557
NTPP2	0.013543592474357557
NTPP4	0.013543592474357557
NTPP9	0.013543592474357557
O2Stex	0.2412514853585332
O2tex	0.2412514853585332
O2tpp	0.028451373457653407
OAAt1pp	0.0628102078213296
OAAtex	0.2412514853585332
OCBT	0.04649136827681722
OCDCAtexi	0.028451373457653407
OCDCEAtexi	0.028451373457653407
OCTAtex	0.2412514853585332
OCTDPS	0.08701713251384262
OHPBAT	0.07114405699489293
OHPHM	0.013078447404205185
OMBZLM	0.02445512057834861
OMCDC	0.10957666841623265
OMMBLHX	0.04443697755031092
OMPDC	0.03517283823644284
OMPHHX	0.04443697755031092
OPHBDC	0.095835507802148
OPHHX	0.0389133798422515
ORNabcpp	0.41583593502239
ORNtex	0.2412514853585332
OROTtex	0.2412514853585332
ORPT	0.01842761571095746
P3H5CD	0.028451373457653407
P3H5CR	0.01024881489411159
P5CD	0.028451373457653407
P5CR	0.01024881489411159
PA120abcpp	0.18975604988374772
PA140abcpp	0.18975604988374772
PA141abcpp	0.18975604988374772
PA160abcpp	0.18975604988374772
pa161abcpp	0.18975604988374772
PA180abcpp	0.18975604988374772
pa181abcpp	0.18975604988374772
PACALDtex	0.2412514853585332
PANTS	0.05003809943672906
PAPPT3	0.039068428198968955
PDH	0.9455780267921725
PDX5POi	0.0042988342050791686
PDX5PS	0.07288835100796433
PDXS	0.0042988342050791686
PE120abcpp	0.18975604988374772
PE140abcpp	0.18975604988374772
PE141abcpp	0.18975604988374772
PE141babcpp	0.18975604988374772
PE160abcpp	0.18975604988374772
pe161abcpp	0.18975604988374772
PE180abcpp	0.18975604988374772
pe181abcpp	0.18975604988374772
PEAMNtex	0.2412514853585332
PERD	0.028451373457653407
PG120abcpp	0.18975604988374772
PG140abcpp	0.18975604988374772
PG141abcpp	0.18975604988374772
PG160abcpp	0.18975604988374772
pg161abcpp	0.18975604988374772
PG180abcpp	0.18975604988374772
pg181abcpp	0.18975604988374772
PGAMT	0.04734413423876324
PGCD	0.028451373457653407
PGI	0.05662765459722099
PGK	0.07525283844790555
PGL	0.05331349597238534
PGLYCP	0.01104343772228856
PGM	0.036432606134772186
PGMT1	0.04238258682380461
PGMT2	0.04238258682380461
PGP120abcpp	0.18975604988374772
PGP140abcpp	0.18975604988374772
PGP141abcpp	0.18975604988374772
PGP160abcpp	0.18975604988374772
pgp161abcpp	0.18975604988374772
PGP180abcpp	0.18975604988374772
pgp181abcpp	0.18975604988374772
PGPP120	0.014376977391713891
PGPP120pp	0.014376977391713891
PGPP140	0.014376977391713891
PGPP140pp	0.014376977391713891
PGPP141	0.014376977391713891
PGPP141pp	0.014376977391713891
PGPP160	0.014376977391713891
PGPP160pp	0.014376977391713891
PGPP161a	0.014376977391713891
PGPP161app	0.014376977391713891
PGPP180	0.014376977391713891
PGPP180pp	0.014376977391713891
PGPP181	0.014376977391713891
PGPP181pp	0.014376977391713891
PGSA120	0.007516087606966406
PGSA140	0.007516087606966406
PGSA141	0.007516087606966406
PGSA160	0.007516087606966406
PGSA161a	0.007516087606966406
PGSA180	0.007516087606966406
PGSA181	0.007516087606966406
PHEabcpp	0.41583593502239
PHEMEFErel	0.022710826565277217
PHEMEtpp	0.028451373457653407
PHEt1pp	0.21754846782535195
PHEt2pp	0.0628102078213296
PHETA1	0.04674332185648309
PHEtex	0.2412514853585332
PIt2rpp	0.07244258698240164
PItex	0.2412514853585332
PLIPA1A120pp	0.06350792542655816
PLIPA1A140pp	0.06350792542655816
PLIPA1A141pp	0.06350792542655816
PLIPA1A160pp	0.06350792542655816
PLIPA1A161a	0.06350792542655816
PLIPA1A180pp	0.06350792542655816
PLIPA1A181pp	0.06350792542655816
PLIPA1E120pp	0.06350792542655816
PLIPA1E140pp	0.06350792542655816
PLIPA1E141pp	0.06350792542655816
PLIPA1E160pp	0.06350792542655816
PLIPA1E161a	0.06350792542655816
PLIPA1E180pp	0.06350792542655816
PLIPA1E181pp	0.06350792542655816
PLIPA1G120pp	0.06350792542655816
PLIPA1G140pp	0.06350792542655816
PLIPA1G141pp	0.06350792542655816
PLIPA1G160pp	0.06350792542655816
PLIPA1G161a	0.06350792542655816
PLIPA1G180pp	0.06350792542655816
PLIPA1G181pp	0.06350792542655816
PMCOAS	0.020036242411901082
PMDPHT	0.028451373457653407
PMPK	0.017594230793601128
PNTK	0.09455635885922897
PNTOtex	0.2412514853585332
PPA	0.11511964716888173
PPA2	0.02804061382743981
PPAKr	0.17465821614838534
PPALtex	0.2412514853585332
PPAtex	0.2412514853585332
PPBNGS	0.08393554642408316
PPC	0.22997171740733824
PPCDC	0.07178363146635244
PPGPPDP	0.1920430131453302
PPK2r	0.02656765443862397
PPKr	0.02656765443862397
PPNCL2	0.07178363146635244
PPND	0.011896203684234575
PPNDH	0.1764412722506361
PPPGO	0.014435120525482938
PPPGO3	0.028451373457653407
PPPNtex	0.2412514853585332
PPS	0.6323028220445501
PPTtex	0.2412514853585332
PRAGSr	0.028451373457653407
PRAIi	0.01402811858909961
PRAIS	0.09699837047752895
PRAMPC	0.010442625340008413
PRASCSi	0.04474707426374583
PRATPP	0.017187228857217806
PRFGS	0.11785237445602693
PRMICI	0.03470769316629047
PROabcpp	0.41583593502239
PROD2	0.028451373457653407
PROGLYtex	0.2412514853585332
PROHX	0.028451373457653407
PROt1pp	0.0863775580423831
PROt2rpp	0.21754846782535195
PROtex	0.2412514853585332
PRPPS	0.20572603062564582
PSCLYStex	0.2412514853585332
PSCVT	0.024319453266220842
PSD120	0.05131724837964807
PSD140	0.05131724837964807
PSD141	0.05131724837964807
PSD160	0.05131724837964807
PSD161a	0.05131724837964807
PSD180	0.05131724837964807
PSD181	0.05131724837964807
PSERT	0.07114405699489293
PSERtex	0.2412514853585332
PSP_L	0.016935275277551936
PSSA120	0.012516397111104402
PSSA140	0.012516397111104402
PSSA141	0.012516397111104402
PSSA160	0.012516397111104402
PSSA161a	0.012516397111104402
PSSA180	0.012516397111104402
PSSA181	0.012516397111104402
PTA2	0.18235249085048916
PTAr	0.18235249085048916
PTPATi	0.010752722053443327
PTRCabcpp	0.24382916428896093
PTRCtex	0.2412514853585332
PYAM5PO	0.0042988342050791686
PYAMO	0.0042988342050791686
PYK	0.04903028511806559
PYRtex	0.2412514853585332
PYRtrpp	0.028451373457653407
QULNS	0.03218815736963179
R5PP	0.009938718180676676
R5Ptex	0.2412514853585332
RBFK	0.05350730641828217
RBFSa	0.01391183232156152
RBFSb	0.013136590537974231
RHCCE	0.017749279150318587
RIBtex	0.2412514853585332
RMNtex	0.2412514853585332
RNDR1	0.21404049875461947
RNDR2	0.21404049875461947
RNDR3	0.21404049875461947
RNDR4	0.21404049875461947
RPE	0.04596808007289581
RPI	0.016818989010013843
S7PI	0.02844761576382314
SAMC	0.028451373457653407
SBTtex	0.2412514853585332
SDPDS	0.019105952271596335
SDPTA	0.06610498540157557
SERabcpp	0.41583593502239
SERAT	0.017187228857217806
SERD_L	0.058178138164395564
SERt1rpp	0.21754846782535195
SERt2pp	0.0628102078213296
SERtex	0.2412514853585332
SFGTHi	0.0055586021034085085
SHCHD2	0.0014692016949855733
SHK3Dr	0.009182857441679073
SHKK	0.00889214177283384
SHSL1	0.028001851738260447
SHSL2	0.03195558483455561
SHSL3	0.028001851738260447
SHSL4	0.028001851738260447
SHSL5	0.028001851738260447
SIALT1	0.0961456045155829
SKMtex	0.2412514853585332
SO2tex	0.2412514853585332
SO2tpp	0.028451373457653407
SO3tex	0.2412514853585332
SO4tex	0.2412514853585332
SPMDabcpp	0.24382916428896093
SPMDtex	0.2412514853585332
SPMS	0.07722970499605311
SPODMMn	0.028451373457653407
SSALy	0.011799298461286164
SUCCt2pp	0.0628102078213296
SUCCtex	0.2412514853585332
SUCD1	0.1812090092196979
SUCOAS	0.1596379065913817
SUCRtex	0.2412514853585332
SULabcpp	0.0012560102044990697
SULFACtex	0.2412514853585332
T2DECAI	0.028451373457653407
T2DECAIy	0.038855236708482455
T2HDECI	0.02298216118953277
T2MRSI	0.01842761571095746
TALA	0.041994965932010964
TARTRtex	0.2412514853585332
TAURtex	0.2412514853585332
TCYNTtex	0.2412514853585332
TDP	0.013543592474357557
TDPDRE	0.028451373457653407
TDPDRR	0.0230596853678915
TDPGDH	0.011741155327517117
TDSK	0.02559860220913986
TDSR1	0.33364092491754804
TDSR2	0.33364092491754804
TFFE	0.6381558975106341
THD2pp	0.05341040119533375
THDPS	0.14541221986255495
THFL	0.14289268406589628
THIORDXi	0.11979047891499514
THMabcpp	0.059127809349289996
THMDtex	0.2412514853585332
THMtex	0.2412514853585332
THRabcpp	0.41583593502239
THRD_L	0.058178138164395564
THRPtex	0.2412514853585332
THRS	0.08058262571006815
THRt1rpp	0.21754846782535195
THRt2pp	0.0628102078213296
THRtex	0.2412514853585332
THYMtex	0.2412514853585332
THZPSN	0.09381987916482104
TKT1	0.09947914418500824
TKT2	0.09947914418500824
TMAOtex	0.2412514853585332
TMAtex	0.2412514853585332
TMDS	0.012690826512411544
TMK	0.028451373457653407
TMPK	0.054185642978921034
TMPPP	0.004977170765718044
TPI	0.026005604145523185
TRDR1	0.19285701701809685
TRDR2	0.19285701701809685
TREtex	0.2412514853585332
TRPabcpp	0.41583593502239
TRPS1	0.07734599126359122
TRPS2	0.06213187126069072
TRPS3	0.07734599126359122
TRPt1rpp	0.21754846782535195
TRPtex	0.2412514853585332
TSULabcpp	0.0012560102044990697
TSULST	1.0
TSULtex	0.2412514853585332
TTDCAtexi	0.028451373457653407
TTDCEAtexi	0.028451373457653407
TUNGStex	0.2412514853585332
TYMtex	0.2412514853585332
TYRabcpp	0.41583593502239
TYRPtex	0.2412514853585332
TYRt1rpp	0.009473573110524304
TYRTA	0.04674332185648309
TYRtex	0.2412514853585332
U23GAAT	0.038855236708482455
UAAGDS	0.05228630060913219
UACGAMtex	0.2412514853585332
UAGAAT	0.3687399966694625
UAGCVT	0.0827920647932919
UAGDP	0.03023067186607389
UAGPT3	0.052712683590105204
UAMAGS	0.05362359268582026
UAMAS	0.07860575916192056
UAPGR	0.03625817673346504
UCYR	0.10128158133184868
UDCPDP	0.02964924052838343
UDCPDPpp	0.02964924052838343
UDCPDPS	0.09451759677004962
UDPACGALtex	0.2412514853585332
UDPG4E	0.02356359252722323
UDPGALtex	0.2412514853585332
UDPGLCURtex	0.2412514853585332
UDPGtex	0.2412514853585332
UGMDDS	0.07633817694492774
UHGADA	0.01951295420797966
UM3PL	0.0841099758253903
UM4PCP	0.010888389365571103
UM4PL	0.0841099758253903
UMPK	0.00997748026985604
UMPtex	0.2412514853585332
UPP3MT	0.06866328328741361
UPP3S	0.008291329390553692
UPPDC1	0.029281000681179472
UPPRT	0.01292339904748773
URAt1pp	0.05625941475001704
URAtex	0.2412514853585332
UREAtex	0.2412514853585332
URIDK2r	0.010210052804932226
USHD	0.007128466715172764
VALabcpp	0.41583593502239
VALt1pp	0.21754846782535195
VALt3pp	0.0628102078213296
VALTA	0.11928657175566341
VALtex	0.2412514853585332
VPAMT	0.00664394060043071
XANt2pp	0.05625941475001704
XANtex	0.2412514853585332
XMPtex	0.2412514853585332
XPPT	0.01323349576092264
XPRT	0.01323349576092264
XTSNtex	0.2412514853585332
XYLtex	0.2412514853585332
XYLUtex	0.2412514853585332
ZN2abcpp	0.025443553852422404
Zn2tex	0.2412514853585332
ALATA_L	0.05748042055916701
AP4AH	0.014667693060559121
BTDD_RR	0.29999543150985986
CYTOM	0.057228466979501146
FADRx	0.012167538308490126
HPA3MO	0.0065857974666616624
ACPPAT161	0.013097828448794866
ACPPAT181	0.013097828448794866
ACPPAT120	0.013097828448794866
ACPPAT141	0.013097828448794866
ACPPAT160	0.013097828448794866
G3PAT161	0.013097828448794866
ACPPAT140	0.013097828448794866
ACPPAT180	0.013097828448794866
APG3PAT181	0.010636435785905235
APG3PAT160	0.010636435785905235
APG3PAT180	0.010636435785905235
APG3PAT120	0.010636435785905235
APG3PAT141	0.010636435785905235
APG3PAT161	0.010636435785905235
APG3PAT140	0.010636435785905235
AMPTASEPG	0.12428688125980142
CLPNS181pp	0.005229124345383912
CLPNS141pp	0.005229124345383912
CLPNS140pp	0.005229124345383912
CLPNS160pp	0.005229124345383912
CLPNS120pp	0.005229124345383912
CLPNS161pp	0.005229124345383912
CLPNS180pp	0.005229124345383912
CYPOX	0.13213620431862266
FLVR	0.04703403752532832
FLVRx	0.04703403752532832
FOMETRi	0.10676641695072873
GRXR	0.11717403789538808
PTHPS	0.010481387429187776
CPH4S	0.010481387429187776
CDGS	0.028451373457653407
CDGR	0.007748660142042592
CCGS	0.019958718233542352
MLDEP2pp	0.12535283871223393
MLTGY3pp	0.11730970520751581
LDH_D2	0.06484521750324623
CYSTINEabcpp	0.41583593502239
EX_cystine_L_	0.028451373457653407
CYSR	0.028451373457653407
EX_apoACP_c_	0.028451373457653407
GLCTR2	0.014047499633689293
GALT3	0.014047499633689293
EX_trdrd_c_	0.028451373457653407
EX_ag_e	0.028451373457653407
